[
  {
     "brand_name":"Fender",
     "model_name":"Stratocaster",
     "guitar_year":"1966",
     "guitar_origin":"USA",
     "shop_id":4
  },
  {
     "brand_name":"Fender",
     "model_name":"Telecaster",
     "guitar_year":"1979",
     "guitar_origin":"Mexico",
     "shop_id":4
  },
  {
     "brand_name":"Gibson",
     "model_name":"Les Paul",
     "guitar_year":"1985",
     "guitar_origin":"USA",
     "shop_id":4
  },
  {
     "brand_name":"Gibson",
     "model_name":"Firebird",
     "guitar_year":"1996",
     "guitar_origin":"USA",
     "shop_id":4
  },
  {
     "brand_name":"Gretsch",
     "model_name":"Duo Jet",
     "guitar_year":"1989",
     "guitar_origin":"Japan",
     "shop_id":4
  },
  {
     "brand_name":"Gibson",
     "model_name":"SG",
     "guitar_year":"1983",
     "guitar_origin":"USA",
     "shop_id":1
  },
  {
     "brand_name":"Fender",
     "model_name":"Jazzmaster",
     "guitar_year":"1966",
     "guitar_origin":"USA",
     "shop_id":1
  },
  {
     "brand_name":"Fender",
     "model_name":"Jaguar",
     "guitar_year":"1969",
     "guitar_origin":"Mexico",
     "shop_id":1
  },
  {
     "brand_name":"Fender",
     "model_name":"Broadcaster",
     "guitar_year":"1969",
     "guitar_origin":"USA",
     "shop_id":1
  },
  {
     "brand_name":"Fender",
     "model_name":"Nocaster",
     "guitar_year":"1970",
     "guitar_origin":"Mexico",
     "shop_id":1
  },
  {
     "brand_name":"PRS",
     "model_name":"Core",
     "guitar_year":"2018",
     "guitar_origin":"Japan",
     "shop_id":2
  },
  {
     "brand_name":"PRS",
     "model_name":"SE",
     "guitar_year":"2006",
     "guitar_origin":"Japan",
     "shop_id":2
  },
  {
     "brand_name":"Gibson",
     "model_name":"ES",
     "guitar_year":"2005",
     "guitar_origin":"USA",
     "shop_id":2
  },
  {
     "brand_name":"Fender",
     "model_name":"Mustang",
     "guitar_year":"1975",
     "guitar_origin":"Mexico",
     "shop_id":2
  },
  {
     "brand_name":"Ibanez",
     "model_name":"GRX70QA",
     "guitar_year":"2010",
     "guitar_origin":"Japan",
     "shop_id":1
  },
  {
     "brand_name":"PRS",
     "model_name":"Silver Sky",
     "guitar_year":"2018",
     "guitar_origin":"Japan",
     "shop_id":1
  },
  {
     "brand_name":"D'Angelico",
     "model_name":"EXL-1",
     "guitar_year":"2005",
     "guitar_origin":"Mexico",
     "shop_id":1
  },
  {
     "brand_name":"Jackson",
     "model_name":"Dinky",
     "guitar_year":"2010",
     "guitar_origin":"Japan",
     "shop_id":1
  },
  {
     "brand_name":"Ibanez",
     "model_name":"GRGR120EX",
     "guitar_year":"2010",
     "guitar_origin":"Japan",
     "shop_id":1
  },
  {
     "brand_name":"Fender",
     "model_name":"Stratocaster",
     "guitar_year":"1990",
     "guitar_origin":"Mexico",
     "shop_id":1
  },
  {
     "brand_name":"Fender",
     "model_name":"Telecaster",
     "guitar_year":"1999",
     "guitar_origin":"USA",
     "shop_id":1
  },
  {
     "brand_name":"Gibson",
     "model_name":"Les Paul",
     "guitar_year":"1989",
     "guitar_origin":"USA",
     "shop_id":1
  },
  {
     "brand_name":"Gibson",
     "model_name":"Firebird",
     "guitar_year":"2005",
     "guitar_origin":"USA",
     "shop_id":1
  },
  {
     "brand_name":"Gretsch",
     "model_name":"Duo Jet",
     "guitar_year":"2005",
     "guitar_origin":"Japan",
     "shop_id":1
  },
  {
     "brand_name":"Gibson",
     "model_name":"SG",
     "guitar_year":"1977",
     "guitar_origin":"USA",
     "shop_id":1
  },
  {
     "brand_name":"Fender",
     "model_name":"Jazzmaster",
     "guitar_year":"1971",
     "guitar_origin":"Mexico",
     "shop_id":1
  },
  {
     "brand_name":"Fender",
     "model_name":"Jaguar",
     "guitar_year":"1960",
     "guitar_origin":"Mexico",
     "shop_id":1
  },
  {
     "brand_name":"Fender",
     "model_name":"Broadcaster",
     "guitar_year":"1962",
     "guitar_origin":"USA",
     "shop_id":1
  },
  {
     "brand_name":"Fender",
     "model_name":"Nocaster",
     "guitar_year":"1962",
     "guitar_origin":"USA",
     "shop_id":1
  },
  {
     "brand_name":"PRS",
     "model_name":"Core",
     "guitar_year":"1996",
     "guitar_origin":"Japan",
     "shop_id":2
  },
  {
     "brand_name":"PRS",
     "model_name":"SE",
     "guitar_year":"1996",
     "guitar_origin":"Japan",
     "shop_id":2
  },
  {
     "brand_name":"Gibson",
     "model_name":"ES",
     "guitar_year":"1980",
     "guitar_origin":"USA",
     "shop_id":2
  },
  {
     "brand_name":"Fender",
     "model_name":"Mustang",
     "guitar_year":"2013",
     "guitar_origin":"USA",
     "shop_id":2
  },
  {
     "brand_name":"Ibanez",
     "model_name":"GRX70QA",
     "guitar_year":"2018",
     "guitar_origin":"Japan",
     "shop_id":2
  },
  {
     "brand_name":"PRS",
     "model_name":"Silver Sky",
     "guitar_year":"2021",
     "guitar_origin":"Japan",
     "shop_id":3
  },
  {
     "brand_name":"D'Angelico",
     "model_name":"EXL-1",
     "guitar_year":"2010",
     "guitar_origin":"Mexico",
     "shop_id":3
  },
  {
     "brand_name":"Jackson",
     "model_name":"Dinky",
     "guitar_year":"2007",
     "guitar_origin":"Japan",
     "shop_id":3
  },
  {
     "brand_name":"Ibanez",
     "model_name":"GRGR120EX",
     "guitar_year":"1985",
     "guitar_origin":"Japan",
     "shop_id":3
  }
]